MODELLO;RICAMBIO; PREZZO ; PREZZO IN PROMO ;PREZZO 2^ LAVORAZIONE
MODELLO;RICAMBIO; PREZZO ; PREZZO IN PROMO ;PREZZO 2^ LAVORAZIONE
15 PRO MAX;DISPLAY;; 469,00 € ; 235 € 
14 PRO MAX;DISPLAY; 459,00 € ; 439,00 € ; 220 € 
16 PRO MAX;SCOCCA COMPLETA;; 399,00 € ; 200 € 
15 PRO;DISPLAY;; 395,00 € ; 198 € 
16 PRO MAX;RIGENERAZIONE DISPLAY;; 389,00 € ; 195 € 
15 PRO MAX;SCOCCA COMPLETA;; 379,00 € ; 190 € 
16 Plus;SCOCCA COMPLETA;; 379,00 € ; 190 € 
16 PRO;SCOCCA COMPLETA;; 379,00 € ; 190 € 
15 PRO;SCOCCA COMPLETA;; 349,00 € ; 175 € 
14 PRO;DISPLAY;; 335,00 € ; 168 € 
16;SCOCCA COMPLETA;; 329,00 € ; 165 € 
15 Plus;DISPLAY; 355,00 € ; 315,00 € ; 158 € 
16 Plus;RIGENERAZIONE DISPLAY;; 305,00 € ; 153 € 
16 PRO;RIGENERAZIONE DISPLAY;; 305,00 € ; 153 € 
15 PRO MAX;RIGENERAZIONE DISPLAY;; 299,00 € ; 150 € 
16 PRO;MB E REC. LIQUIDI;; 299,00 € ; 150 € 
16 PRO MAX;MB E REC. LIQUIDI;; 299,00 € ; 150 € 
16 PRO MAX;FACE ID;; 299,00 € ; 150 € 
15;DISPLAY; 319,00 € ; 289,00 € ; 145 € 
15 Plus;SCOCCA COMPLETA;; 289,00 € ; 145 € 
15 PRO;RIGENERAZIONE DISPLAY;; 289,00 € ; 145 € 
16 Plus;FACE ID;; 289,00 € ; 145 € 
13 PRO MAX;DISPLAY; 305,00 € ; 285,00 € ; 143 € 
14 PRO MAX;RIGENERAZIONE DISPLAY;; 279,00 € ; 140 € 
16 PRO MAX;FOTOCAMERA POSTERIORE;; 279,00 € ; 195 € 
15;SCOCCA COMPLETA;; 259,00 € ; 130 € 
16;FACE ID;; 259,00 € ; 130 € 
16 Plus;MB E REC. LIQUIDI;; 259,00 € ; 130 € 
16 PRO;FOTOCAMERA POSTERIORE;; 259,00 € ; 181 € 
16 PRO;FACE ID;; 259,00 € ; 130 € 
16;MB E REC. LIQUIDI;; 249,00 € ; 125 € 
15 PRO;FACE ID; 299,00 € ; 249,00 € ; 125 € 
15 PRO MAX;FACE ID; 299,00 € ; 249,00 € ; 125 € 
16 PRO;TELAIO;; 249,00 € ; 125 € 
16 PRO MAX;TELAIO;; 249,00 € ; 125 € 
14 Plus;DISPLAY; 275,00 € ; 245,00 € ; 123 € 
15;FACE ID; 259,00 € ; 239,00 € ; 120 € 
14 PRO MAX;SCOCCA COMPLETA;; 239,00 € ; 120 € 
15 Plus;FACE ID; 289,00 € ; 239,00 € ; 120 € 
15 PRO MAX;TELAIO;; 239,00 € ; 120 € 
16;RIGENERAZIONE DISPLAY;; 229,00 € ; 115 € 
13 PRO;DISPLAY; 249,00 € ; 229,00 € ; 115 € 
14 Plus;SCOCCA COMPLETA;; 229,00 € ; 115 € 
14 PRO;RIGENERAZIONE DISPLAY;; 229,00 € ; 115 € 
14 PRO;SCOCCA COMPLETA;; 229,00 € ; 115 € 
15 Plus;RIGENERAZIONE DISPLAY;; 229,00 € ; 115 € 
15 PRO;TELAIO;; 229,00 € ; 115 € 
16 Plus;VETRO POSTERIORE;; 229,00 € ; 115 € 
16 PRO MAX;VETRO POSTERIORE;; 229,00 € ; 115 € 
12 PRO MAX;DISPLAY; 265,00 € ; 225,00 € ; 113 € 
15;RIGENERAZIONE DISPLAY;; 219,00 € ; 110 € 
13 PRO MAX;SCOCCA COMPLETA;; 219,00 € ; 110 € 
15 PRO;MB E REC. LIQUIDI;; 219,00 € ; 110 € 
15 PRO MAX;MB E REC. LIQUIDI;; 219,00 € ; 110 € 
14;SCOCCA COMPLETA;; 209,00 € ; 105 € 
14;FACE ID; 259,00 € ; 209,00 € ; 105 € 
12 PRO MAX;SCOCCA COMPLETA;; 209,00 € ; 105 € 
13 PRO;SCOCCA COMPLETA;; 209,00 € ; 105 € 
13 PRO MAX;RIGENERAZIONE DISPLAY;; 209,00 € ; 105 € 
14 Plus;FACE ID; 289,00 € ; 209,00 € ; 105 € 
14 PRO;FACE ID; 259,00 € ; 209,00 € ; 105 € 
14 PRO MAX;FACE ID; 299,00 € ; 209,00 € ; 105 € 
15 Plus;MB E REC. LIQUIDI;; 209,00 € ; 105 € 
16 Plus;TELAIO;; 209,00 € ; 105 € 
13;FACE ID; 259,00 € ; 199,00 € ; 100 € 
13;SCOCCA COMPLETA;; 199,00 € ; 100 € 
14;DISPLAY; 229,00 € ; 199,00 € ; 100 € 
15;MB E REC. LIQUIDI;; 199,00 € ; 100 € 
16;VETRO POSTERIORE;; 199,00 € ; 100 € 
16;TELAIO;; 199,00 € ; 100 € 
13 PRO;FACE ID; 259,00 € ; 199,00 € ; 100 € 
13 PRO MAX;FACE ID; 289,00 € ; 199,00 € ; 100 € 
15 PRO MAX;FOTOCAMERA POSTERIORE;; 199,00 € ; 139 € 
15 PRO MAX;VETRO POSTERIORE;; 199,00 € ; 100 € 
16 PRO;VETRO POSTERIORE;; 199,00 € ; 100 € 
16;FOTOCAMERA POSTERIORE;; 189,00 € ; 132 € 
12 PRO;SCOCCA COMPLETA;; 189,00 € ; 95 € 
13 MINI;SCOCCA COMPLETA;; 189,00 € ; 95 € 
13 MINI;FACE ID; 239,00 € ; 189,00 € ; 95 € 
13 PRO;RIGENERAZIONE DISPLAY;; 189,00 € ; 95 € 
14 Plus;RIGENERAZIONE DISPLAY;; 189,00 € ; 95 € 
15 PRO;FOTOCAMERA POSTERIORE;; 189,00 € ; 132 € 
16 Plus;FOTOCAMERA POSTERIORE;; 189,00 € ; 132 € 
13;DISPLAY; 199,00 € ; 179,00 € ; 90 € 
14;RIGENERAZIONE DISPLAY;; 179,00 € ; 90 € 
11 PRO MAX;SCOCCA COMPLETA;; 179,00 € ; 90 € 
13 MINI;DISPLAY; 199,00 € ; 179,00 € ; 90 € 
14 PRO;MB E REC. LIQUIDI;; 179,00 € ; 90 € 
14 PRO MAX;VETRO POSTERIORE;; 179,00 € ; 90 € 
14 PRO MAX;MB E REC. LIQUIDI;; 179,00 € ; 90 € 
15 Plus;TELAIO;; 179,00 € ; 90 € 
12;SCOCCA COMPLETA;; 169,00 € ; 85 € 
13;RIGENERAZIONE DISPLAY;; 169,00 € ; 85 € 
11 PRO;SCOCCA COMPLETA;; 169,00 € ; 85 € 
12 PRO MAX;RIGENERAZIONE DISPLAY;; 169,00 € ; 85 € 
13 MINI;RIGENERAZIONE DISPLAY;; 169,00 € ; 85 € 
13 PRO;MB E REC. LIQUIDI;; 169,00 € ; 85 € 
13 PRO MAX;VETRO POSTERIORE;; 169,00 € ; 85 € 
13 PRO MAX;MB E REC. LIQUIDI;; 169,00 € ; 85 € 
14 PRO;VETRO POSTERIORE;; 169,00 € ; 85 € 
14 PRO MAX;FOTOCAMERA POSTERIORE;; 169,00 € ; 118 € 
15 Plus;VETRO POSTERIORE;; 169,00 € ; 85 € 
15 PRO;VETRO POSTERIORE;; 169,00 € ; 85 € 
13;MB E REC. LIQUIDI;; 159,00 € ; 80 € 
14;MB E REC. LIQUIDI;; 159,00 € ; 80 € 
15;VETRO POSTERIORE;; 159,00 € ; 80 € 
15;TELAIO;; 159,00 € ; 80 € 
12 MINI;SCOCCA COMPLETA;; 159,00 € ; 80 € 
12 MINI;DISPLAY; 199,00 € ; 159,00 € ; 80 € 
12 PRO;DISPLAY; 179,00 € ; 159,00 € ; 80 € 
12 PRO;FOTOCAMERA POSTERIORE;; 159,00 € ; 111 € 
12 PRO MAX;FOTOCAMERA POSTERIORE;; 159,00 € ; 111 € 
12 PRO MAX;VETRO POSTERIORE;; 159,00 € ; 80 € 
12 PRO MAX;MB E REC. LIQUIDI;; 159,00 € ; 80 € 
12 PRO MAX;FACE ID;; 159,00 € ; 80 € 
13 MINI;MB E REC. LIQUIDI;; 159,00 € ; 80 € 
13 PRO;VETRO POSTERIORE;; 159,00 € ; 80 € 
13 PRO MAX;FOTOCAMERA POSTERIORE;; 159,00 € ; 111 € 
14 Plus;TELAIO;; 159,00 € ; 80 € 
14 Plus;MB E REC. LIQUIDI; 169,00 € ; 159,00 € ; 80 € 
14 PRO;FOTOCAMERA POSTERIORE;; 159,00 € ; 111 € 
15 Plus;FOTOCAMERA POSTERIORE;; 159,00 € ; 111 € 
16 PRO MAX;DOCK;; 159,00 € ; 80 € 
11;SCOCCA COMPLETA;; 149,00 € ; 75 € 
12;RIGENERAZIONE DISPLAY;; 149,00 € ; 75 € 
12;DISPLAY; 169,00 € ; 149,00 € ; 75 € 
16;DOCK;; 149,00 € ; 75 € 
11 PRO MAX;DISPLAY; 179,00 € ; 149,00 € ; 75 € 
12 PRO;RIGENERAZIONE DISPLAY;; 149,00 € ; 75 € 
12 PRO;VETRO POSTERIORE;; 149,00 € ; 75 € 
12 PRO;MB E REC. LIQUIDI;; 149,00 € ; 75 € 
12 PRO;FACE ID;; 149,00 € ; 75 € 
13 PRO;FOTOCAMERA POSTERIORE;; 149,00 € ; 104 € 
16 Plus;DOCK;; 149,00 € ; 75 € 
16 PRO;DOCK;; 149,00 € ; 75 € 
13;VETRO POSTERIORE;; 139,00 € ; 70 € 
14;FOTOCAMERA POSTERIORE;; 139,00 € ; 97 € 
15;FOTOCAMERA POSTERIORE;; 139,00 € ; 97 € 
11 PRO;DISPLAY; 169,00 € ; 139,00 € ; 70 € 
11 PRO MAX;VETRO POSTERIORE;; 139,00 € ; 70 € 
12 MINI;RIGENERAZIONE DISPLAY;; 139,00 € ; 70 € 
14 Plus;FOTOCAMERA POSTERIORE; 149,00 € ; 139,00 € ; 97 € 
SE 3;SCOCCA COMPLETA;; 139,00 € ; 70 € 
X;SCOCCA COMPLETA;; 139,00 € ; 70 € 
XR;SCOCCA COMPLETA;; 139,00 € ; 70 € 
XS;SCOCCA COMPLETA;; 139,00 € ; 70 € 
XS MAX;SCOCCA COMPLETA;; 139,00 € ; 70 € 
12;VETRO POSTERIORE;; 129,00 € ; 65 € 
12;MB E REC. LIQUIDI;; 129,00 € ; 65 € 
12;FACE ID;; 129,00 € ; 65 € 
14;TELAIO;; 129,00 € ; 65 € 
11 PRO;FOTOCAMERA POSTERIORE;; 129,00 € ; 90 € 
11 PRO;VETRO POSTERIORE;; 129,00 € ; 65 € 
11 PRO MAX;FOTOCAMERA POSTERIORE;; 129,00 € ; 90 € 
12 MINI;FACE ID;; 129,00 € ; 65 € 
12 MINI;MB E REC. LIQUIDI;; 129,00 € ; 65 € 
13 MINI;VETRO POSTERIORE;; 129,00 € ; 65 € 
16 PRO MAX;ALTRI DANNI;; 129,00 € ; 65 € 
XS MAX;DISPLAY; 159,00 € ; 129,00 € ; 65 € 
13;FOTOCAMERA POSTERIORE;; 119,00 € ; 83 € 
16;ALTRI DANNI;; 119,00 € ; 60 € 
11 PRO;MB E REC. LIQUIDI;; 119,00 € ; 60 € 
11 PRO;FACE ID;; 119,00 € ; 60 € 
11 PRO MAX;MB E REC. LIQUIDI;; 119,00 € ; 60 € 
11 PRO MAX;FACE ID;; 119,00 € ; 60 € 
12 MINI;VETRO POSTERIORE;; 119,00 € ; 60 € 
14 Plus;VETRO POSTERIORE;; 119,00 € ; 60 € 
15 Plus;DOCK;; 119,00 € ; 60 € 
16 Plus;ALTRI DANNI;; 119,00 € ; 60 € 
16 PRO;ALTRI DANNI;; 119,00 € ; 60 € 
XS;DISPLAY; 149,00 € ; 119,00 € ; 60 € 
XS MAX;MB E REC. LIQUIDI;; 119,00 € ; 60 € 
11;DISPLAY; 129,00 € ; 109,00 € ; 55 € 
11;VETRO POSTERIORE;; 109,00 € ; 55 € 
11;MB E REC. LIQUIDI;; 109,00 € ; 55 € 
11;FACE ID;; 109,00 € ; 55 € 
12;FOTOCAMERA POSTERIORE;; 109,00 € ; 76 € 
14;VETRO POSTERIORE;; 109,00 € ; 55 € 
15;DOCK;; 109,00 € ; 55 € 
11 PRO;DOCK;; 109,00 € ; 55 € 
11 PRO MAX;DOCK;; 109,00 € ; 55 € 
12 MINI;FOTOCAMERA POSTERIORE;; 109,00 € ; 76 € 
13 MINI;FOTOCAMERA POSTERIORE;; 109,00 € ; 76 € 
15 PRO;DOCK;; 109,00 € ; 55 € 
15 PRO MAX;DOCK;; 109,00 € ; 55 € 
SE 2;SCOCCA COMPLETA;; 109,00 € ; 55 € 
SE 2;MB E REC. LIQUIDI;; 109,00 € ; 55 € 
SE 3;VETRO POSTERIORE;; 109,00 € ; 55 € 
SE 3;MB E REC. LIQUIDI;; 109,00 € ; 55 € 
X;DISPLAY; 139,00 € ; 109,00 € ; 55 € 
X;VETRO POSTERIORE;; 109,00 € ; 55 € 
X;MB E REC. LIQUIDI;; 109,00 € ; 55 € 
X;FACE ID;; 109,00 € ; 55 € 
XR;VETRO POSTERIORE;; 109,00 € ; 55 € 
XR;MB E REC. LIQUIDI;; 109,00 € ; 55 € 
XR;FACE ID;; 109,00 € ; 55 € 
XS;VETRO POSTERIORE;; 109,00 € ; 55 € 
XS;MB E REC. LIQUIDI;; 109,00 € ; 55 € 
XS;FACE ID;; 109,00 € ; 55 € 
XS MAX;VETRO POSTERIORE;; 109,00 € ; 55 € 
XS MAX;FACE ID; 119,00 € ; 109,00 € ; 55 € 
14 PRO;DOCK;; 99,00 € ; 50 € 
14 PRO MAX;DOCK;; 99,00 € ; 50 € 
15 Plus;ALTRI DANNI;; 99,00 € ; 50 € 
XR;DISPLAY; 119,00 € ; 99,00 € ; 50 € 
8;MB E REC. LIQUIDI;; 89,00 € ; 45 € 
11;FOTOCAMERA POSTERIORE;; 89,00 € ; 62 € 
12;DOCK;; 89,00 € ; 45 € 
15;ALTRI DANNI;; 89,00 € ; 45 € 
12 MINI;DOCK;; 89,00 € ; 45 € 
12 PRO;DOCK;; 89,00 € ; 45 € 
12 PRO MAX;DOCK;; 89,00 € ; 45 € 
13 MINI;DOCK;; 89,00 € ; 45 € 
13 PRO;DOCK;; 89,00 € ; 45 € 
13 PRO MAX;DOCK;; 89,00 € ; 45 € 
14 Plus;DOCK;; 89,00 € ; 45 € 
14 PRO;ALTRI DANNI;; 89,00 € ; 45 € 
14 PRO MAX;ALTRI DANNI;; 89,00 € ; 45 € 
15 PRO;ALTRI DANNI;; 89,00 € ; 45 € 
15 PRO MAX;ALTRI DANNI;; 89,00 € ; 45 € 
8 Plus;DISPLAY;; 89,00 € ; 45 € 
8 Plus;MB E REC. LIQUIDI;; 89,00 € ; 45 € 
SE 2;VETRO POSTERIORE;; 89,00 € ; 45 € 
SE 3;DISPLAY; 109,00 € ; 89,00 € ; 45 € 
XR;FOTOCAMERA POSTERIORE;; 89,00 € ; 62 € 
XS;FOTOCAMERA POSTERIORE;; 89,00 € ; 62 € 
XS MAX;FOTOCAMERA POSTERIORE;; 89,00 € ; 62 € 
8;DISPLAY;; 79,00 € ; 40 € 
11;DOCK;; 79,00 € ; 40 € 
12;ALTRI DANNI;; 79,00 € ; 40 € 
13;DOCK;; 79,00 € ; 40 € 
14;BATTERIA;; 79,00 € ; 59 € 
14;DOCK;; 79,00 € ; 40 € 
15;BATTERIA;; 79,00 € ; 59 € 
16;BATTERIA;; 79,00 € ; 59 € 
11 PRO;ALTRI DANNI;; 79,00 € ; 40 € 
11 PRO MAX;ALTRI DANNI;; 79,00 € ; 40 € 
12 MINI;ALTRI DANNI;; 79,00 € ; 40 € 
12 PRO;ALTRI DANNI;; 79,00 € ; 40 € 
12 PRO MAX;ALTRI DANNI;; 79,00 € ; 40 € 
13 MINI;ALTRI DANNI;; 79,00 € ; 40 € 
13 PRO;ALTRI DANNI;; 79,00 € ; 40 € 
13 PRO MAX;ALTRI DANNI;; 79,00 € ; 40 € 
14 Plus;BATTERIA;; 79,00 € ; 59 € 
14 Plus;ALTRI DANNI;; 79,00 € ; 40 € 
14 PRO;BATTERIA;; 79,00 € ; 59 € 
14 PRO MAX;BATTERIA;; 79,00 € ; 59 € 
15 Plus;BATTERIA;; 79,00 € ; 59 € 
15 PRO;BATTERIA;; 79,00 € ; 59 € 
15 PRO MAX;BATTERIA;; 79,00 € ; 59 € 
16 Plus;BATTERIA;; 79,00 € ; 59 € 
16 PRO;BATTERIA;; 79,00 € ; 59 € 
16 PRO;VETRINO FOTOCAMERA;; 79,00 € ; 40 € 
16 PRO MAX;BATTERIA;; 79,00 € ; 59 € 
16 PRO MAX;VETRINO FOTOCAMERA;; 79,00 € ; 40 € 
SE 2;DISPLAY; 99,00 € ; 79,00 € ; 40 € 
SE 3;FOTOCAMERA POSTERIORE;; 79,00 € ; 55 € 
X;FOTOCAMERA POSTERIORE;; 79,00 € ; 55 € 
7;MB E REC. LIQUIDI;; 69,00 € ; 35 € 
11;ALTRI DANNI;; 69,00 € ; 35 € 
12;BATTERIA;; 69,00 € ; 49 € 
13;BATTERIA;; 69,00 € ; 49 € 
13;ALTRI DANNI;; 69,00 € ; 35 € 
14;ALTRI DANNI;; 69,00 € ; 35 € 
15;MANUTENZIONE DOCK/EAR;; 69,00 € ; 35 € 
16;VETRINO FOTOCAMERA;; 69,00 € ; 35 € 
16;MANUTENZIONE DOCK/EAR;; 69,00 € ; 35 € 
11 PRO;BATTERIA;; 69,00 € ; 49 € 
11 PRO MAX;BATTERIA;; 69,00 € ; 49 € 
12 MINI;BATTERIA;; 69,00 € ; 49 € 
12 PRO;BATTERIA;; 69,00 € ; 49 € 
12 PRO MAX;BATTERIA;; 69,00 € ; 49 € 
13 MINI;BATTERIA;; 69,00 € ; 49 € 
13 PRO;BATTERIA;; 69,00 € ; 49 € 
13 PRO MAX;BATTERIA;; 69,00 € ; 49 € 
15 Plus;MANUTENZIONE DOCK/EAR;; 69,00 € ; 35 € 
15 PRO;VETRINO FOTOCAMERA;; 69,00 € ; 35 € 
15 PRO;MANUTENZIONE DOCK/EAR;; 69,00 € ; 35 € 
15 PRO MAX;VETRINO FOTOCAMERA;; 69,00 € ; 35 € 
15 PRO MAX;MANUTENZIONE DOCK/EAR;; 69,00 € ; 35 € 
16 Plus;VETRINO FOTOCAMERA;; 69,00 € ; 35 € 
16 Plus;MANUTENZIONE DOCK/EAR;; 69,00 € ; 35 € 
16 PRO;MANUTENZIONE DOCK/EAR;; 69,00 € ; 35 € 
16 PRO MAX;MANUTENZIONE DOCK/EAR;; 69,00 € ; 35 € 
7 Plus;DISPLAY;; 69,00 € ; 35 € 
7 Plus;MB E REC. LIQUIDI;; 69,00 € ; 35 € 
SE 2;FOTOCAMERA POSTERIORE;; 69,00 € ; 48 € 
SE 3;DOCK; 79,00 € ; 69,00 € ; 35 € 
XR;DOCK;; 69,00 € ; 35 € 
XS MAX;DOCK;; 69,00 € ; 35 € 
7;DISPLAY;; 59,00 € ; 30 € 
11;BATTERIA;; 59,00 € ; 39 € 
15;VETRINO FOTOCAMERA;; 59,00 € ; 30 € 
14 PRO;VETRINO FOTOCAMERA;; 59,00 € ; 30 € 
14 PRO MAX;VETRINO FOTOCAMERA;; 59,00 € ; 30 € 
15 Plus;VETRINO FOTOCAMERA;; 59,00 € ; 30 € 
5S/SE/6;MB E REC. LIQUIDI;; 59,00 € ; 30 € 
6P/6S;MB E REC. LIQUIDI;; 59,00 € ; 30 € 
6S Plus;DISPLAY;; 59,00 € ; 30 € 
6S Plus;MB E REC. LIQUIDI;; 59,00 € ; 30 € 
SE 2;DOCK; 79,00 € ; 59,00 € ; 30 € 
SE 2;ALTRI DANNI;; 59,00 € ; 30 € 
SE 3;ALTRI DANNI;; 59,00 € ; 30 € 
X;BATTERIA; 69,00 € ; 59,00 € ; 39 € 
X;DOCK; 79,00 € ; 59,00 € ; 30 € 
X;ALTRI DANNI;; 59,00 € ; 30 € 
XR;BATTERIA; 69,00 € ; 59,00 € ; 39 € 
XR;ALTRI DANNI;; 59,00 € ; 30 € 
XS;BATTERIA; 69,00 € ; 59,00 € ; 39 € 
XS;DOCK; 89,00 € ; 59,00 € ; 30 € 
XS;ALTRI DANNI; 69,00 € ; 59,00 € ; 30 € 
XS MAX;BATTERIA; 69,00 € ; 59,00 € ; 39 € 
XS MAX;ALTRI DANNI; 69,00 € ; 59,00 € ; 30 € 
7;BATTERIA;; 49,00 € ; 29 € 
8;BATTERIA;; 49,00 € ; 29 € 
12;MANUTENZIONE DOCK/EAR;; 49,00 € ; 25 € 
13;MANUTENZIONE DOCK/EAR;; 49,00 € ; 25 € 
14;VETRINO FOTOCAMERA;; 49,00 € ; 25 € 
14;MANUTENZIONE DOCK/EAR;; 49,00 € ; 25 € 
12 MINI;MANUTENZIONE DOCK/EAR;; 49,00 € ; 25 € 
12 PRO;MANUTENZIONE DOCK/EAR;; 49,00 € ; 25 € 
12 PRO MAX;MANUTENZIONE DOCK/EAR;; 49,00 € ; 25 € 
13 MINI;MANUTENZIONE DOCK/EAR;; 49,00 € ; 25 € 
13 PRO;VETRINO FOTOCAMERA;; 49,00 € ; 25 € 
13 PRO;MANUTENZIONE DOCK/EAR;; 49,00 € ; 25 € 
13 PRO MAX;VETRINO FOTOCAMERA;; 49,00 € ; 25 € 
13 PRO MAX;MANUTENZIONE DOCK/EAR;; 49,00 € ; 25 € 
14 Plus;VETRINO FOTOCAMERA;; 49,00 € ; 25 € 
14 Plus;MANUTENZIONE DOCK/EAR;; 49,00 € ; 25 € 
14 PRO;MANUTENZIONE DOCK/EAR;; 49,00 € ; 25 € 
14 PRO MAX;MANUTENZIONE DOCK/EAR;; 49,00 € ; 25 € 
6P/6S;DISPLAY;; 49,00 € ; 25 € 
7 Plus;BATTERIA;; 49,00 € ; 29 € 
8 Plus;BATTERIA;; 49,00 € ; 29 € 
SE 2;BATTERIA;; 49,00 € ; 29 € 
SE 3;BATTERIA;; 49,00 € ; 29 € 
7;ALTRI DANNI;; 39,00 € ; 20 € 
8;ALTRI DANNI;; 39,00 € ; 20 € 
11;VETRINO FOTOCAMERA;; 39,00 € ; 20 € 
12;VETRINO FOTOCAMERA;; 39,00 € ; 20 € 
13;VETRINO FOTOCAMERA;; 39,00 € ; 20 € 
11 PRO;VETRINO FOTOCAMERA;; 39,00 € ; 20 € 
11 PRO MAX;VETRINO FOTOCAMERA;; 39,00 € ; 20 € 
12 MINI;VETRINO FOTOCAMERA;; 39,00 € ; 20 € 
12 PRO;VETRINO FOTOCAMERA;; 39,00 € ; 20 € 
12 PRO MAX;VETRINO FOTOCAMERA;; 39,00 € ; 20 € 
13 MINI;VETRINO FOTOCAMERA;; 39,00 € ; 20 € 
5S/SE/6;DISPLAY;; 39,00 € ; 20 € 
6P/6S;BATTERIA;; 39,00 € ; 19 € 
6S Plus;BATTERIA;; 39,00 € ; 19 € 
7 Plus;ALTRI DANNI;; 39,00 € ; 20 € 
8 Plus;ALTRI DANNI;; 39,00 € ; 20 € 
SE 2;VETRINO FOTOCAMERA;; 39,00 € ; 20 € 
SE 3;VETRINO FOTOCAMERA;; 39,00 € ; 20 € 
X;VETRINO FOTOCAMERA;; 39,00 € ; 20 € 
XR;VETRINO FOTOCAMERA;; 39,00 € ; 20 € 
XS;VETRINO FOTOCAMERA;; 39,00 € ; 20 € 
XS MAX;VETRINO FOTOCAMERA;; 39,00 € ; 20 € 
ACCESSORI;COVER MagSafe;; 30,00 € ; 15 € 
7;MANUTENZIONE DOCK/EAR;; 29,00 € ; 15 € 
8;MANUTENZIONE DOCK/EAR;; 29,00 € ; 15 € 
11;MANUTENZIONE DOCK/EAR;; 29,00 € ; 15 € 
11 PRO;MANUTENZIONE DOCK/EAR;; 29,00 € ; 15 € 
11 PRO MAX;MANUTENZIONE DOCK/EAR;; 29,00 € ; 15 € 
5S/SE/6;BATTERIA;; 29,00 € ; 19 € 
5S/SE/6;ALTRI DANNI;; 29,00 € ; 15 € 
5S/SE/6;MANUTENZIONE DOCK/EAR;; 29,00 € ; 15 € 
6P/6S;ALTRI DANNI;; 29,00 € ; 15 € 
6P/6S;MANUTENZIONE DOCK/EAR;; 29,00 € ; 15 € 
6S Plus;ALTRI DANNI;; 29,00 € ; 15 € 
6S Plus;MANUTENZIONE DOCK/EAR;; 29,00 € ; 15 € 
7 Plus;MANUTENZIONE DOCK/EAR;; 29,00 € ; 15 € 
8 Plus;MANUTENZIONE DOCK/EAR;; 29,00 € ; 15 € 
SE 2;MANUTENZIONE DOCK/EAR;; 29,00 € ; 15 € 
SE 3;MANUTENZIONE DOCK/EAR;; 29,00 € ; 15 € 
X;MANUTENZIONE DOCK/EAR;; 29,00 € ; 15 € 
XR;MANUTENZIONE DOCK/EAR;; 29,00 € ; 15 € 
XS;MANUTENZIONE DOCK/EAR;; 29,00 € ; 15 € 
XS MAX;MANUTENZIONE DOCK/EAR;; 29,00 € ; 15 € 
ACCESSORI;COVER TPU;; 20,00 € ; 10 € 
ACCESSORI;GLASS;; 20,00 € ; 10 € 
;;;; -   € 
;;;;
;;;;
;;;;
;;;;
;;; -   € ;
;;;;
